{
  "Linear": {
    "Biofuel_%": 1386033.1892914264,
    "Coal_%": 1476587.3914639826,
    "Gas_%": 1463377.654991579,
    "Hydro_%": 1401531.6756137486,
    "Nuclear_%": 1080284.63211482,
    "Oil_%": 1448813.7038864798,
    "OtherRenewableExcBiofuel_%": 1453359.4312196514,
    "Solar_%": 1341993.1321344937,
    "Wind_%": 1321256.2645860137,
    "Population": 0.0018975808292793772,
    "GDP": 4.540197551250458e-07,
    "Incomegroup_High income": 58046.22910192974,
    "Incomegroup_Low income": -32710.7716313515,
    "Incomegroup_Lower middle income": -75533.47729679027,
    "Incomegroup_Upper middle income": 50198.01982618069,
    "intercept": -1431933.5106632076
  },
  "Ridge": {
    "Biofuel_%": 1386033.1892914264,
    "Coal_%": 1476587.3914639826,
    "Gas_%": 1463377.654991579,
    "Hydro_%": 1401531.6756137486,
    "Nuclear_%": 1080284.63211482,
    "Oil_%": 1448813.7038864798,
    "OtherRenewableExcBiofuel_%": 1453359.4312196514,
    "Solar_%": 1341993.1321344937,
    "Wind_%": 1321256.2645860137,
    "Population": 0.0018975808292793772,
    "GDP": 4.540197551250458e-07,
    "Incomegroup_High income": 58046.22910192974,
    "Incomegroup_Low income": -32710.7716313515,
    "Incomegroup_Lower middle income": -75533.47729679027,
    "Incomegroup_Upper middle income": 50198.01982618069,
    "intercept": -214532.12913240094
  },
  "Elasticnet": {
    "Biofuel_%": 1386033.1892914264,
    "Coal_%": 1476587.3914639826,
    "Gas_%": 1463377.654991579,
    "Hydro_%": 1401531.6756137486,
    "Nuclear_%": 1080284.63211482,
    "Oil_%": 1448813.7038864798,
    "OtherRenewableExcBiofuel_%": 1453359.4312196514,
    "Solar_%": 1341993.1321344937,
    "Wind_%": 1321256.2645860137,
    "Population": 0.0018975808292793772,
    "GDP": 4.540197551250458e-07,
    "Incomegroup_High income": 58046.22910192974,
    "Incomegroup_Low income": -32710.7716313515,
    "Incomegroup_Lower middle income": -75533.47729679027,
    "Incomegroup_Upper middle income": 50198.01982618069,
    "intercept": -24248.47833734096
  }
}